{"timer":-1,"message":"Get To The Exit!","specialStart":true,"platforms":[{"position":{"x":0.0,"y":-4.539999961853027},"size":{"x":100.0,"y":1.4700000286102296}}],"gold":[],"portal":{"x":2.549999952316284,"y":-3.680000066757202}}