{"timer":30,"message":"Bags Are Heavy!","specialStart":false,"platforms":[{"position":{"x":0.0,"y":-5.0},"size":{"x":100.0,"y":3.0}},{"position":{"x":0.5,"y":3.0},"size":{"x":3.5,"y":0.5}},{"position":{"x":2.2300000190734865,"y":-1.399999976158142},"size":{"x":4.159999847412109,"y":0.5}},{"position":{"x":-3.390000104904175,"y":0.46000000834465029},"size":{"x":4.159999847412109,"y":0.5}}],"gold":[{"position":{"x":3.5,"y":-2.9700000286102297},"weight":0}],"portal":{"x":0.49000000953674319,"y":3.549999952316284}}