{"timer":-1,"message":"Recover The Gold!","specialStart":false,"platforms":[{"position":{"x":0.0,"y":-5.0},"size":{"x":100.0,"y":3.0}},{"position":{"x":-3.0999999046325685,"y":0.5},"size":{"x":3.5,"y":0.5}},{"position":{"x":2.2300000190734865,"y":-1.399999976158142},"size":{"x":3.5,"y":0.5}}],"gold":[{"position":{"x":-3.359999895095825,"y":-2.9700000286102297},"weight":0}],"portal":{"x":-4.0,"y":1.0}}