{"timer":10,"platforms":[{"position":{"x":-3.5999999046325685,"y":-2.049999952316284},"size":{"x":1.2899999618530274,"y":0.5}},{"position":{"x":4.340000152587891,"y":-1.399999976158142},"size":{"x":5.110000133514404,"y":0.5}}],"gold":[{"position":{"x":-3.609999895095825,"y":-1.309999942779541},"weight":1},{"position":{"x":4.0,"y":-0.6600000262260437},"weight":1},{"position":{"x":3.4000000953674318,"y":-0.6600000262260437},"weight":1}],"portal":{"x":6.269999980926514,"y":-1.0700000524520875}}